"DATA_YEAR","NIBRS_MONTH_ID","AGENCY_ID","MONTH_NUM","DATA_YEAR","REPORTED_STATUS","REPORT_DATE","UPDATE_FLAG","ORIG_FORMAT","DATA_HOME","DDOCNAME","DID","MONTH_PUB_STATUS"
2020,8550313,7248,1,2020,"U",,"Y","G","C","2020_01_LA0270000_NIBRS",,0
2020,8514354,7248,2,2020,"U",,"Y","G","C","2020_02_LA0270000_NIBRS",,0
2020,8564049,7248,3,2020,"U",,"Y","G","C","2020_03_LA0270000_NIBRS",,0
2020,8514404,7248,4,2020,"U",,"Y","G","C","2020_04_LA0270000_NIBRS",,0
2020,8557338,7248,5,2020,"U",,"Y","G","C","2020_05_LA0270000_NIBRS",,0
2020,8490416,7248,6,2020,"U",,"Y","G","C","2020_06_LA0270000_NIBRS",,0
2020,8562179,7248,7,2020,"U",,"Y","G","C","2020_07_LA0270000_NIBRS",,0
2020,8495578,7248,8,2020,"U",,"Y","G","C","2020_08_LA0270000_NIBRS",,0
2020,8481203,7248,9,2020,"U",,"Y","G","C","2020_09_LA0270000_NIBRS",,0
2020,8539322,7248,10,2020,"U",,"Y","G","C","2020_10_LA0270000_NIBRS",,0
2020,8549711,7248,11,2020,"U",,"Y","G","C","2020_11_LA0270000_NIBRS",,0
2020,8549751,7248,12,2020,"U",,"Y","G","C","2020_12_LA0270000_NIBRS",,0
2020,17949162,7399,7,2020,"I",19-FEB-21,"Y","F","C","2020_07_LA0610000_NIBRS",95871836,0
2020,17949574,7399,8,2020,"I",19-FEB-21,"Y","F","C","2020_08_LA0610000_NIBRS",95871904,0
2020,17948572,7399,10,2020,"I",19-FEB-21,"Y","F","C","2020_10_LA0610000_NIBRS",95871170,0
2020,17948569,7399,11,2020,"I",19-FEB-21,"Y","F","C","2020_11_LA0610000_NIBRS",95866600,0
2020,17948571,7399,12,2020,"I",19-FEB-21,"Y","F","C","2020_12_LA0610000_NIBRS",95871090,0
2020,8555985,7203,1,2020,"I",,"Y","G","C","2020_01_LA0170100_NIBRS",95845561,0
2020,8497883,7203,2,2020,"I",,"Y","G","C","2020_02_LA0170100_NIBRS",95839352,0
2020,8492550,7203,3,2020,"I",,"Y","G","C","2020_03_LA0170100_NIBRS",95844833,0
2020,8485756,7203,4,2020,"I",,"Y","G","C","2020_04_LA0170100_NIBRS",95839302,0
2020,8537277,7203,5,2020,"I",,"Y","G","C","2020_05_LA0170100_NIBRS",95839980,0
2020,8537303,7203,6,2020,"I",,"Y","G","C","2020_06_LA0170100_NIBRS",95845623,0
2020,8485826,7203,7,2020,"I",,"Y","G","C","2020_07_LA0170100_NIBRS",95844868,0
2020,8561463,7203,8,2020,"I",,"Y","G","C","2020_08_LA0170100_NIBRS",95845663,0
2020,8513955,7203,9,2020,"I",,"Y","G","C","2020_09_LA0170100_NIBRS",95839426,0
2020,8512161,7203,10,2020,"I",,"Y","G","C","2020_10_LA0170100_NIBRS",95839588,0
2020,8512185,7203,11,2020,"I",,"Y","G","C","2020_11_LA0170100_NIBRS",95839761,0
2020,8538195,7203,12,2020,"I",,"Y","G","C","2020_12_LA0170100_NIBRS",95839491,0
2020,8511411,7264,1,2020,"I",,"Y","G","C","2020_01_LA0290500_NIBRS",70271189,0
2020,8550743,7264,2,2020,"I",,"Y","G","C","2020_02_LA0290500_NIBRS",70618965,0
2020,8562493,7264,3,2020,"I",,"Y","G","C","2020_03_LA0290500_NIBRS",95792375,0
2020,8557728,7264,4,2020,"I",,"Y","G","C","2020_04_LA0290500_NIBRS",95791593,0
2020,8526836,7264,5,2020,"I",,"Y","G","C","2020_05_LA0290500_NIBRS",95791513,0
2020,8568102,7264,6,2020,"I",,"Y","G","C","2020_06_LA0290500_NIBRS",95791102,0
2020,8485649,7264,7,2020,"I",,"Y","G","C","2020_07_LA0290500_NIBRS",95791226,0
2020,8513088,7264,8,2020,"I",,"Y","G","C","2020_08_LA0290500_NIBRS",95792577,0
2020,8539511,7264,9,2020,"I",,"Y","G","C","2020_09_LA0290500_NIBRS",95796952,0
2020,8522352,7264,10,2020,"I",,"Y","G","C","2020_10_LA0290500_NIBRS",95792653,0
2020,8501788,7264,11,2020,"I",,"Y","G","C","2020_11_LA0290500_NIBRS",95791390,0
2020,8519003,7264,12,2020,"I",,"Y","G","C","2020_12_LA0290500_NIBRS",95792968,0
2020,17949610,7232,8,2020,"I",19-FEB-21,"Y","F","C","2020_08_LA0240000_NIBRS",95882761,0
2020,17949611,7232,9,2020,"I",19-FEB-21,"Y","F","C","2020_09_LA0240000_NIBRS",95882739,0
2020,17949612,7232,10,2020,"I",19-FEB-21,"Y","F","C","2020_10_LA0240000_NIBRS",95886867,0
2020,18123324,7232,11,2020,"I",04-MAR-21,"Y","F","C","2020_11_LA0240000_NIBRS",96767274,0
2020,18275117,7232,12,2020,"I",15-MAR-21,"Y","F","C","2020_12_LA0240000_NIBRS",97824534,0
2020,8515959,7283,1,2020,"I",,"Y","G","C","2020_01_LA0340000_NIBRS",95820177,0
2020,8491911,7283,2,2020,"I",,"Y","G","C","2020_02_LA0340000_NIBRS",95816500,0
2020,8500697,7283,3,2020,"I",,"Y","G","C","2020_03_LA0340000_NIBRS",95822253,0
2020,8562103,7283,4,2020,"I",,"Y","G","C","2020_04_LA0340000_NIBRS",95816047,0
2020,8531775,7283,5,2020,"I",,"Y","G","C","2020_05_LA0340000_NIBRS",95819316,0
2020,8553818,7283,6,2020,"I",,"Y","G","C","2020_06_LA0340000_NIBRS",95819512,0
2020,8526457,7283,7,2020,"I",,"Y","G","C","2020_07_LA0340000_NIBRS",95816185,0
2020,8553866,7283,8,2020,"I",,"Y","G","C","2020_08_LA0340000_NIBRS",95820130,0
2020,8534295,7283,9,2020,"I",,"Y","G","C","2020_09_LA0340000_NIBRS",95819397,0
2020,8515312,7283,10,2020,"I",,"Y","G","C","2020_10_LA0340000_NIBRS",95819690,0
2020,8506869,7283,11,2020,"I",,"Y","G","C","2020_11_LA0340000_NIBRS",95816126,0
2020,8505084,7283,12,2020,"I",,"Y","G","C","2020_12_LA0340000_NIBRS",97826909,0
2020,8539988,7331,1,2020,"I",,"Y","G","C","2020_01_LA0470000_NIBRS",95781276,0
2020,8512490,7331,2,2020,"I",,"Y","G","C","2020_02_LA0470000_NIBRS",95782529,0
2020,8490325,7331,3,2020,"I",,"Y","G","C","2020_03_LA0470000_NIBRS",95781548,0
2020,8516039,7331,4,2020,"I",,"Y","G","C","2020_04_LA0470000_NIBRS",95779873,0
2020,8565790,7331,5,2020,"I",,"Y","G","C","2020_05_LA0470000_NIBRS",95782589,0
2020,8519535,7331,6,2020,"I",,"Y","G","C","2020_06_LA0470000_NIBRS",95784215,0
2020,8540190,7331,7,2020,"I",,"Y","G","C","2020_07_LA0470000_NIBRS",95786788,0
2020,8560865,7331,8,2020,"I",,"Y","G","C","2020_08_LA0470000_NIBRS",95781592,0
2020,8537786,7331,9,2020,"I",,"Y","G","C","2020_09_LA0470000_NIBRS",95787394,0
2020,8484661,7331,10,2020,"I",,"Y","G","C","2020_10_LA0470000_NIBRS",95784086,0
2020,8571927,7331,11,2020,"I",,"Y","G","C","2020_11_LA0470000_NIBRS",95781509,0
2020,8546339,7331,12,2020,"I",,"Y","G","C","2020_12_LA0470000_NIBRS",95784391,0
2020,8520017,7192,1,2020,"I",,"Y","G","C","2020_01_LA0140000_NIBRS",95803489,0
2020,8508237,7192,2,2020,"I",,"Y","G","C","2020_02_LA0140000_NIBRS",95809095,0
2020,8508262,7192,3,2020,"I",,"Y","G","C","2020_03_LA0140000_NIBRS",95803775,0
2020,8545677,7192,4,2020,"I",,"Y","G","C","2020_04_LA0140000_NIBRS",95803779,0
2020,8564742,7192,5,2020,"I",,"Y","G","C","2020_05_LA0140000_NIBRS",95809005,0
2020,8547682,7192,6,2020,"I",,"Y","G","C","2020_06_LA0140000_NIBRS",95808932,0
2020,8508368,7192,7,2020,"I",,"Y","G","C","2020_07_LA0140000_NIBRS",95803512,0
2020,8528571,7192,8,2020,"I",,"Y","G","C","2020_08_LA0140000_NIBRS",95809113,0
2020,8536261,7192,9,2020,"I",,"Y","G","C","2020_09_LA0140000_NIBRS",95808895,0
2020,8550011,7192,10,2020,"I",,"Y","G","C","2020_10_LA0140000_NIBRS",96767307,0
2020,8550043,7192,11,2020,"I",,"Y","G","C","2020_11_LA0140000_NIBRS",96767320,0
2020,8500383,7192,12,2020,"I",,"Y","G","C","2020_12_LA0140000_NIBRS",96763852,0
2020,8543357,7148,1,2020,"I",,"Y","G","C","2020_01_LA0030200_NIBRS",95772180,0
2020,8495421,7148,2,2020,"I",,"Y","G","C","2020_02_LA0030200_NIBRS",95772188,0
2020,8529784,7148,3,2020,"I",,"Y","G","C","2020_03_LA0030200_NIBRS",95768276,0
2020,8565753,7148,4,2020,"I",,"Y","G","C","2020_04_LA0030200_NIBRS",95768282,0
2020,8519510,7148,5,2020,"I",,"Y","G","C","2020_05_LA0030200_NIBRS",95772200,0
2020,8481794,7148,6,2020,"I",,"Y","G","C","2020_06_LA0030200_NIBRS",95768269,0
2020,8536773,7148,7,2020,"I",,"Y","G","C","2020_07_LA0030200_NIBRS",95768273,0
2020,8498967,7148,8,2020,"I",,"Y","G","C","2020_08_LA0030200_NIBRS",95772207,0
2020,8496628,7148,9,2020,"I",,"Y","G","C","2020_09_LA0030200_NIBRS",95768363,0
2020,8489711,7148,10,2020,"I",,"Y","G","C","2020_10_LA0030200_NIBRS",95768285,0
2020,8527535,7148,11,2020,"I",,"Y","G","C","2020_11_LA0030200_NIBRS",95772229,0
2020,8529131,7148,12,2020,"I",,"Y","G","C","2020_12_LA0030200_NIBRS",95772235,0
2020,8518165,7300,1,2020,"I",,"Y","G","C","2020_01_LA0370200_NIBRS",95839981,0
2020,8550538,7300,2,2020,"I",,"Y","G","C","2020_02_LA0370200_NIBRS",95845566,0
2020,8505959,7300,3,2020,"I",,"Y","G","C","2020_03_LA0370200_NIBRS",95845783,0
2020,8547212,7300,4,2020,"I",,"Y","G","C","2020_04_LA0370200_NIBRS",95845825,0
2020,8516285,7300,5,2020,"I",,"Y","G","C","2020_05_LA0370200_NIBRS",95846021,0
2020,8569403,7300,6,2020,"I",,"Y","G","C","2020_06_LA0370200_NIBRS",95846463,0
2020,8530072,7300,7,2020,"I",,"Y","G","C","2020_07_LA0370200_NIBRS",95840313,0
2020,8497600,7300,8,2020,"I",,"Y","G","C","2020_08_LA0370200_NIBRS",95840430,0
2020,8532519,7300,9,2020,"I",,"Y","G","C","2020_09_LA0370200_NIBRS",95845501,0
2020,8513754,7300,10,2020,"I",,"Y","G","C","2020_10_LA0370200_NIBRS",95845928,0
2020,8532572,7300,11,2020,"I",,"Y","G","C","2020_11_LA0370200_NIBRS",95845474,0
2020,8527675,7300,12,2020,"I",,"Y","G","C","2020_12_LA0370200_NIBRS",95840608,0
2020,17948485,7161,1,2020,"I",19-FEB-21,"Y","F","C","2020_01_LA0070000_NIBRS",95769220,0
2020,17948489,7161,2,2020,"I",19-FEB-21,"Y","F","C","2020_02_LA0070000_NIBRS",95773387,0
2020,17948496,7161,3,2020,"I",19-FEB-21,"Y","F","C","2020_03_LA0070000_NIBRS",95769605,0
2020,17948509,7161,4,2020,"I",19-FEB-21,"Y","F","C","2020_04_LA0070000_NIBRS",95773168,0
2020,17948506,7161,5,2020,"I",19-FEB-21,"Y","F","C","2020_05_LA0070000_NIBRS",95772953,0
2020,17946977,7161,6,2020,"I",19-FEB-21,"Y","F","C","2020_06_LA0070000_NIBRS",95773006,0
2020,17948477,7161,7,2020,"I",19-FEB-21,"Y","F","C","2020_07_LA0070000_NIBRS",95769656,0
2020,17948480,7161,8,2020,"I",19-FEB-21,"Y","F","C","2020_08_LA0070000_NIBRS",95769491,0
2020,17948501,7161,9,2020,"I",19-FEB-21,"Y","F","C","2020_09_LA0070000_NIBRS",95769383,0
2020,17948513,7161,10,2020,"I",19-FEB-21,"Y","F","C","2020_10_LA0070000_NIBRS",95773506,0
2020,17948516,7161,11,2020,"I",19-FEB-21,"Y","F","C","2020_11_LA0070000_NIBRS",95769816,0
2020,17948520,7161,12,2020,"I",19-FEB-21,"Y","F","C","2020_12_LA0070000_NIBRS",95769907,0
2020,17948486,7239,7,2020,"I",19-FEB-21,"Y","F","C","2020_07_LA0250000_NIBRS",95867685,0
2020,17948499,7239,8,2020,"I",19-FEB-21,"Y","F","C","2020_08_LA0250000_NIBRS",95863786,0
2020,17948484,7239,9,2020,"I",19-FEB-21,"Y","F","C","2020_09_LA0250000_NIBRS",95863845,0
2020,17948493,7239,10,2020,"I",19-FEB-21,"Y","F","C","2020_10_LA0250000_NIBRS",98101583,0
2020,17946979,7239,11,2020,"I",19-FEB-21,"Y","F","C","2020_11_LA0250000_NIBRS",98106630,0
2020,17948503,7239,12,2020,"I",19-FEB-21,"Y","F","C","2020_12_LA0250000_NIBRS",98106731,0
2020,8569059,7330,1,2020,"I",,"Y","G","C","2020_01_LA0460000_NIBRS",95836520,0
2020,8511016,7330,2,2020,"I",,"Y","G","C","2020_02_LA0460000_NIBRS",95836982,0
2020,8511046,7330,3,2020,"I",,"Y","G","C","2020_03_LA0460000_NIBRS",97823915,0
2020,8500735,7330,4,2020,"I",,"Y","G","C","2020_04_LA0460000_NIBRS",95837273,0
2020,8535109,7330,5,2020,"I",,"Y","G","C","2020_05_LA0460000_NIBRS",97826922,0
2020,8516106,7330,6,2020,"I",,"Y","G","C","2020_06_LA0460000_NIBRS",95830312,0
2020,8540155,7330,7,2020,"I",,"Y","G","C","2020_07_LA0460000_NIBRS",95837000,0
2020,8514520,7330,8,2020,"I",,"Y","G","C","2020_08_LA0460000_NIBRS",97826951,0
2020,8572613,7330,9,2020,"I",,"Y","G","C","2020_09_LA0460000_NIBRS",95836944,0
2020,8518741,7330,10,2020,"I",,"Y","G","C","2020_10_LA0460000_NIBRS",97823981,0
2020,8489736,7330,11,2020,"I",,"Y","G","C","2020_11_LA0460000_NIBRS",97824024,0
2020,8571949,7330,12,2020,"I",,"Y","G","C","2020_12_LA0460000_NIBRS",97827023,0
2020,17949580,7186,8,2020,"I",19-FEB-21,"Y","F","C","2020_08_LA0110000_NIBRS",95840073,0
2020,17949577,7186,9,2020,"I",19-FEB-21,"Y","F","C","2020_09_LA0110000_NIBRS",95845630,0
2020,17949578,7186,10,2020,"I",19-FEB-21,"Y","F","C","2020_10_LA0110000_NIBRS",95845654,0
2020,17949579,7186,11,2020,"I",19-FEB-21,"Y","F","C","2020_11_LA0110000_NIBRS",95845684,0
2020,17949165,7186,12,2020,"I",19-FEB-21,"Y","F","C","2020_12_LA0110000_NIBRS",95845735,0
2020,8489026,7250,1,2020,"I",,"Y","G","C","2020_01_LA0270200_NIBRS",78302035,0
2020,8487567,7250,2,2020,"I",,"Y","G","C","2020_02_LA0270200_NIBRS",95874774,0
2020,8554300,7250,3,2020,"I",,"Y","G","C","2020_03_LA0270200_NIBRS",95880460,0
2020,8513175,7250,4,2020,"I",,"Y","G","C","2020_04_LA0270200_NIBRS",95880395,0
2020,8489152,7250,5,2020,"I",,"Y","G","C","2020_05_LA0270200_NIBRS",95874784,0
2020,8562780,7250,6,2020,"I",,"Y","G","C","2020_06_LA0270200_NIBRS",95875089,0
2020,8499528,7250,7,2020,"I",,"Y","G","C","2020_07_LA0270200_NIBRS",95880520,0
2020,8528572,7250,8,2020,"I",,"Y","G","C","2020_08_LA0270200_NIBRS",95875032,0
2020,8531321,7250,9,2020,"I",,"Y","G","C","2020_09_LA0270200_NIBRS",95880626,0
2020,8513980,7250,10,2020,"I",,"Y","G","C","2020_10_LA0270200_NIBRS",95875439,0
2020,8505382,7250,11,2020,"I",,"Y","G","C","2020_11_LA0270200_NIBRS",95880084,0
2020,8481606,7250,12,2020,"I",,"Y","G","C","2020_12_LA0270200_NIBRS",95875419,0
2020,18275963,7138,9,2020,"I",15-MAR-21,"Y","F","C","2020_09_LA0010200_NIBRS",97827198,0
2020,18275966,7138,10,2020,"I",15-MAR-21,"Y","F","C","2020_10_LA0010200_NIBRS",97824248,0
2020,18275967,7138,11,2020,"I",15-MAR-21,"Y","F","C","2020_11_LA0010200_NIBRS",97827263,0
2020,18275968,7138,12,2020,"I",15-MAR-21,"Y","F","C","2020_12_LA0010200_NIBRS",97827281,0
2020,18025483,32894,3,2020,"I",25-FEB-21,"Y","F","C","2020_03_LA0050800_NIBRS",96767281,0
2020,18027276,32894,4,2020,"I",25-FEB-21,"Y","F","C","2020_04_LA0050800_NIBRS",96767273,0
2020,18025484,32894,5,2020,"I",25-FEB-21,"Y","F","C","2020_05_LA0050800_NIBRS",96763842,0
2020,18025485,32894,6,2020,"I",25-FEB-21,"Y","F","C","2020_06_LA0050800_NIBRS",96763840,0
2020,18123327,32894,11,2020,"I",04-MAR-21,"Y","F","C","2020_11_LA0050800_NIBRS",96767342,0
2020,18122180,32894,12,2020,"I",,"Y","G","C","2020_12_LA0050800_NIBRS",,0
2020,17787823,7355,12,2020,"I",04-FEB-21,"Y","X","C","2020_12_LA0510600_NIBRS",94086791,0
2020,17949164,7344,2,2020,"I",19-FEB-21,"Y","F","C","2020_02_LA0491300_NIBRS",95877014,0
2020,17949575,7344,9,2020,"I",19-FEB-21,"Y","F","C","2020_09_LA0491300_NIBRS",95872304,0
2020,17949576,7344,10,2020,"I",19-FEB-21,"Y","F","C","2020_10_LA0491300_NIBRS",95876992,0
2020,17949163,7344,11,2020,"I",19-FEB-21,"Y","F","C","2020_11_LA0491300_NIBRS",95877049,0
2020,8563050,7370,1,2020,"I",,"Y","G","C","2020_01_LA0530900_NIBRS",95768811,0
2020,8556444,7370,2,2020,"I",,"Y","G","C","2020_02_LA0530900_NIBRS",95769146,0
2020,8486135,7370,3,2020,"I",,"Y","G","C","2020_03_LA0530900_NIBRS",95769186,0
2020,8549502,7370,4,2020,"I",,"Y","G","C","2020_04_LA0530900_NIBRS",95768767,0
2020,8507478,7370,5,2020,"I",,"Y","G","C","2020_05_LA0530900_NIBRS",95773196,0
2020,8530870,7370,6,2020,"I",,"Y","G","C","2020_06_LA0530900_NIBRS",95769276,0
2020,8541184,7370,7,2020,"I",,"Y","G","C","2020_07_LA0530900_NIBRS",95772960,0
2020,8520643,7370,8,2020,"I",,"Y","G","C","2020_08_LA0530900_NIBRS",95772999,0
2020,8487957,7370,9,2020,"I",,"Y","G","C","2020_09_LA0530900_NIBRS",95769416,0
2020,8558620,7370,10,2020,"I",,"Y","G","C","2020_10_LA0530900_NIBRS",95768749,0
2020,8493579,7370,11,2020,"I",,"Y","G","C","2020_11_LA0530900_NIBRS",95769235,0
2020,8571850,7370,12,2020,"I",,"Y","G","C","2020_12_LA0530900_NIBRS",95769368,0
2020,17949615,7168,6,2020,"I",19-FEB-21,"Y","F","C","2020_06_LA0080500_NIBRS",95879252,0
2020,17949616,7168,7,2020,"I",19-FEB-21,"Y","F","C","2020_07_LA0080500_NIBRS",95874158,0
2020,17949186,7168,8,2020,"I",19-FEB-21,"Y","F","C","2020_08_LA0080500_NIBRS",95874243,0
2020,17949614,7168,9,2020,"I",19-FEB-21,"Y","F","C","2020_09_LA0080500_NIBRS",95879399,0
2020,17949185,7168,10,2020,"I",19-FEB-21,"Y","F","C","2020_10_LA0080500_NIBRS",95874170,0
2020,17949613,7168,12,2020,"I",19-FEB-21,"Y","F","C","2020_12_LA0080500_NIBRS",95874202,0
2020,16954355,7410,11,2020,"I",04-DEC-20,"Y","X","C","2020_11_LADI00500_NIBRS",89346041,0
2020,17039190,7410,12,2020,"I",11-DEC-20,"Y","X","C","2020_12_LADI00500_NIBRS",94226539,0
2020,17949192,7185,4,2020,"I",19-FEB-21,"Y","F","C","2020_04_LA0100800_NIBRS",97827189,0
2020,17949627,7185,5,2020,"I",19-FEB-21,"Y","F","C","2020_05_LA0100800_NIBRS",97824218,0
2020,17949189,7185,6,2020,"I",19-FEB-21,"Y","F","C","2020_06_LA0100800_NIBRS",97824264,0
2020,17949629,7185,7,2020,"I",19-FEB-21,"Y","F","C","2020_07_LA0100800_NIBRS",97827284,0
2020,17949628,7185,8,2020,"I",19-FEB-21,"Y","F","C","2020_08_LA0100800_NIBRS",97827312,0
2020,17949193,7185,9,2020,"I",19-FEB-21,"Y","F","C","2020_09_LA0100800_NIBRS",97827421,0
2020,18275116,7185,10,2020,"I",15-MAR-21,"Y","F","C","2020_10_LA0100800_NIBRS",97824450,0
2020,17949626,7185,11,2020,"I",19-FEB-21,"Y","F","C","2020_11_LA0100800_NIBRS",97827327,0
2020,17949191,7185,12,2020,"I",19-FEB-21,"Y","F","C","2020_12_LA0100800_NIBRS",97824384,0
2020,8564635,7298,1,2020,"I",,"Y","G","C","2020_01_LA0370000_NIBRS",95864491,0
2020,8487568,7298,2,2020,"I",,"Y","G","C","2020_02_LA0370000_NIBRS",95868084,0
2020,8499428,7298,3,2020,"I",,"Y","G","C","2020_03_LA0370000_NIBRS",95865106,0
2020,8537246,7298,4,2020,"I",,"Y","G","C","2020_04_LA0370000_NIBRS",95864818,0
2020,8537278,7298,5,2020,"I",,"Y","G","C","2020_05_LA0370000_NIBRS",95868822,0
2020,8480725,7298,6,2020,"I",,"Y","G","C","2020_06_LA0370000_NIBRS",95868186,0
2020,8554386,7298,7,2020,"I",,"Y","G","C","2020_07_LA0370000_NIBRS",95868911,0
2020,8509904,7298,8,2020,"I",,"Y","G","C","2020_08_LA0370000_NIBRS",95869193,0
2020,8527809,7298,9,2020,"I",,"Y","G","C","2020_09_LA0370000_NIBRS",95864994,0
2020,8565376,7298,10,2020,"I",,"Y","G","C","2020_10_LA0370000_NIBRS",95865060,0
2020,8565397,7298,11,2020,"I",,"Y","G","C","2020_11_LA0370000_NIBRS",95869429,0
2020,8495102,7298,12,2020,"I",,"Y","G","C","2020_12_LA0370000_NIBRS",95870152,0
2020,8523408,7165,1,2020,"I",,"Y","G","C","2020_01_LA0080000_NIBRS",95807883,0
2020,8549004,7165,2,2020,"I",,"Y","G","C","2020_02_LA0080000_NIBRS",95803998,0
2020,8569740,7165,3,2020,"I",,"Y","G","C","2020_03_LA0080000_NIBRS",95804158,0
2020,8530406,7165,4,2020,"I",,"Y","G","C","2020_04_LA0080000_NIBRS",95803149,0
2020,8504698,7165,5,2020,"I",,"Y","G","C","2020_05_LA0080000_NIBRS",95808431,0
2020,8496156,7165,6,2020,"I",,"Y","G","C","2020_06_LA0080000_NIBRS",95803317,0
2020,8551080,7165,7,2020,"I",,"Y","G","C","2020_07_LA0080000_NIBRS",95808784,0
2020,8531960,7165,8,2020,"I",,"Y","G","C","2020_08_LA0080000_NIBRS",95808918,0
2020,8543000,7165,9,2020,"I",,"Y","G","C","2020_09_LA0080000_NIBRS",95803688,0
2020,8513979,7165,10,2020,"I",,"Y","G","C","2020_10_LA0080000_NIBRS",95809109,0
2020,8522478,7165,11,2020,"I",,"Y","G","C","2020_11_LA0080000_NIBRS",95810278,0
2020,8527888,7165,12,2020,"I",,"Y","G","C","2020_12_LA0080000_NIBRS",95810346,0
2020,8524653,7334,1,2020,"I",,"Y","G","C","2020_01_LA0480000_NIBRS",95839758,0
2020,8569094,7334,2,2020,"I",,"Y","G","C","2020_02_LA0480000_NIBRS",95839848,0
2020,8483405,7334,3,2020,"I",,"Y","G","C","2020_03_LA0480000_NIBRS",95845691,0
2020,8522862,7334,4,2020,"I",,"Y","G","C","2020_04_LA0480000_NIBRS",95845470,0
2020,8477100,7334,5,2020,"I",,"Y","G","C","2020_05_LA0480000_NIBRS",95839889,0
2020,8540124,7334,6,2020,"I",,"Y","G","C","2020_06_LA0480000_NIBRS",95839967,0
2020,8485190,7334,7,2020,"I",,"Y","G","C","2020_07_LA0480000_NIBRS",95840189,0
2020,8567714,7334,8,2020,"I",,"Y","G","C","2020_08_LA0480000_NIBRS",95846131,0
2020,8523942,7334,9,2020,"I",,"Y","G","C","2020_09_LA0480000_NIBRS",95846192,0
2020,8482953,7334,10,2020,"I",,"Y","G","C","2020_10_LA0480000_NIBRS",95845649,0
2020,8518763,7334,11,2020,"I",,"Y","G","C","2020_11_LA0480000_NIBRS",95845778,0
2020,8488170,7334,12,2020,"I",,"Y","G","C","2020_12_LA0480000_NIBRS",95846047,0
2020,17949145,7329,1,2020,"I",19-FEB-21,"Y","F","C","2020_01_LA0450000_NIBRS",98101579,0
2020,17948551,7329,2,2020,"I",19-FEB-21,"Y","F","C","2020_02_LA0450000_NIBRS",98106641,0
2020,17948552,7329,3,2020,"I",19-FEB-21,"Y","F","C","2020_03_LA0450000_NIBRS",98106716,0
2020,17949146,7329,4,2020,"I",19-FEB-21,"Y","F","C","2020_04_LA0450000_NIBRS",98106739,0
2020,17948553,7329,5,2020,"I",19-FEB-21,"Y","F","C","2020_05_LA0450000_NIBRS",98106764,0
2020,17949147,7329,6,2020,"I",19-FEB-21,"Y","F","C","2020_06_LA0450000_NIBRS",98106784,0
2020,17948554,7329,7,2020,"I",19-FEB-21,"Y","F","C","2020_07_LA0450000_NIBRS",98106799,0
2020,17948555,7329,8,2020,"I",19-FEB-21,"Y","F","C","2020_08_LA0450000_NIBRS",98106820,0
2020,17949148,7329,9,2020,"I",19-FEB-21,"Y","F","C","2020_09_LA0450000_NIBRS",98103541,0
2020,17949149,7329,10,2020,"I",19-FEB-21,"Y","F","C","2020_10_LA0450000_NIBRS",98103563,0
2020,17949150,7329,11,2020,"I",19-FEB-21,"Y","F","C","2020_11_LA0450000_NIBRS",98103673,0
2020,17948556,7329,12,2020,"I",19-FEB-21,"Y","F","C","2020_12_LA0450000_NIBRS",98106944,0
2020,8557650,7171,1,2020,"I",,"Y","G","C","2020_01_LA0090000_NIBRS",95848827,0
2020,8485495,7171,2,2020,"I",,"Y","G","C","2020_02_LA0090000_NIBRS",95852408,0
2020,8561142,7171,3,2020,"I",,"Y","G","C","2020_03_LA0090000_NIBRS",96767370,0
2020,8569550,7171,4,2020,"I",,"Y","G","C","2020_04_LA0090000_NIBRS",95849023,0
2020,8514836,7171,5,2020,"I",,"Y","G","C","2020_05_LA0090000_NIBRS",95852669,0
2020,8548908,7171,6,2020,"I",,"Y","G","C","2020_06_LA0090000_NIBRS",95849084,0
2020,8511583,7171,7,2020,"I",,"Y","G","C","2020_07_LA0090000_NIBRS",96767305,0
2020,8514908,7171,8,2020,"I",,"Y","G","C","2020_08_LA0090000_NIBRS",96767280,0
2020,8517392,7171,9,2020,"I",,"Y","G","C","2020_09_LA0090000_NIBRS",96767275,0
2020,8489961,7171,10,2020,"I",,"Y","G","C","2020_10_LA0090000_NIBRS",96767326,0
2020,8567033,7171,11,2020,"I",,"Y","G","C","2020_11_LA0090000_NIBRS",96763855,0
2020,8538088,7171,12,2020,"I",,"Y","G","C","2020_12_LA0090000_NIBRS",96767344,0
2020,8509924,7299,1,2020,"I",,"Y","G","C","2020_01_LA0370100_NIBRS",98104071,0
2020,8509952,7299,2,2020,"I",,"Y","G","C","2020_02_LA0370100_NIBRS",98103783,0
2020,8558086,7299,3,2020,"I",,"Y","G","C","2020_03_LA0370100_NIBRS",95839420,0
2020,8504901,7299,4,2020,"I",,"Y","G","C","2020_04_LA0370100_NIBRS",95842364,0
2020,8480907,7299,5,2020,"I",,"Y","G","C","2020_05_LA0370100_NIBRS",98103680,0
2020,8484338,7299,6,2020,"I",,"Y","G","C","2020_06_LA0370100_NIBRS",95838669,0
2020,8486033,7299,7,2020,"I",,"Y","G","C","2020_07_LA0370100_NIBRS",98101586,0
2020,8486059,7299,8,2020,"I",,"Y","G","C","2020_08_LA0370100_NIBRS",98106700,0
2020,8524409,7299,9,2020,"I",,"Y","G","C","2020_09_LA0370100_NIBRS",95837322,0
2020,8565480,7299,10,2020,"I",,"Y","G","C","2020_10_LA0370100_NIBRS",98103424,0
2020,8529556,7299,11,2020,"I",,"Y","G","C","2020_11_LA0370100_NIBRS",95843369,0
2020,8505525,7299,12,2020,"I",,"Y","G","C","2020_12_LA0370100_NIBRS",98103488,0
2020,17948566,7376,11,2020,"I",19-FEB-21,"Y","F","C","2020_11_LA0550100_NIBRS",95828309,0
2020,17948567,7376,12,2020,"I",19-FEB-21,"Y","F","C","2020_12_LA0550100_NIBRS",95826405,0
2020,18025487,7136,5,2020,"I",25-FEB-21,"Y","F","C","2020_05_LA0010000_NIBRS",95877818,0
2020,18025482,7136,6,2020,"I",25-FEB-21,"Y","F","C","2020_06_LA0010000_NIBRS",95877545,0
2020,18027275,7136,7,2020,"I",25-FEB-21,"Y","F","C","2020_07_LA0010000_NIBRS",95877581,0
2020,17949620,7136,8,2020,"I",19-FEB-21,"Y","F","C","2020_08_LA0010000_NIBRS",95872829,0
2020,17949621,7136,9,2020,"I",19-FEB-21,"Y","F","C","2020_09_LA0010000_NIBRS",95872988,0
2020,17949619,7136,10,2020,"I",19-FEB-21,"Y","F","C","2020_10_LA0010000_NIBRS",95877495,0
2020,17949618,7136,11,2020,"I",19-FEB-21,"Y","F","C","2020_11_LA0010000_NIBRS",95872853,0
2020,17949622,7136,12,2020,"I",19-FEB-21,"Y","F","C","2020_12_LA0010000_NIBRS",95877670,0
2020,8484186,7305,1,2020,"I",,"Y","G","C","2020_01_LA0380000_NIBRS",95836349,0
2020,8545839,7305,2,2020,"I",,"Y","G","C","2020_02_LA0380000_NIBRS",95836391,0
2020,8525218,7305,3,2020,"I",,"Y","G","C","2020_03_LA0380000_NIBRS",95841919,0
2020,8496314,7305,4,2020,"I",,"Y","G","C","2020_04_LA0380000_NIBRS",95836399,0
2020,8494573,7305,5,2020,"I",,"Y","G","C","2020_05_LA0380000_NIBRS",95836501,0
2020,8489375,7305,6,2020,"I",,"Y","G","C","2020_06_LA0380000_NIBRS",95837120,0
2020,8496393,7305,7,2020,"I",,"Y","G","C","2020_07_LA0380000_NIBRS",95837100,0
2020,8534064,7305,8,2020,"I",,"Y","G","C","2020_08_LA0380000_NIBRS",95837021,0
2020,8522543,7305,9,2020,"I",,"Y","G","C","2020_09_LA0380000_NIBRS",95837015,0
2020,8514106,7305,10,2020,"I",,"Y","G","C","2020_10_LA0380000_NIBRS",95841981,0
2020,8546826,7305,11,2020,"I",,"Y","G","C","2020_11_LA0380000_NIBRS",95841764,0
2020,8517698,7305,12,2020,"I",,"Y","G","C","2020_12_LA0380000_NIBRS",95841955,0
2020,17946978,7269,7,2020,"I",19-FEB-21,"Y","F","C","2020_07_LA0310000_NIBRS",95841682,0
2020,17946980,7269,8,2020,"I",19-FEB-21,"Y","F","C","2020_08_LA0310000_NIBRS",95837014,0
2020,17948502,7269,9,2020,"I",19-FEB-21,"Y","F","C","2020_09_LA0310000_NIBRS",95837037,0
2020,17948507,7269,10,2020,"I",19-FEB-21,"Y","F","C","2020_10_LA0310000_NIBRS",95837063,0
2020,17948492,7269,11,2020,"I",19-FEB-21,"Y","F","C","2020_11_LA0310000_NIBRS",95841741,0
2020,17948481,7269,12,2020,"I",19-FEB-21,"Y","F","C","2020_12_LA0310000_NIBRS",95837018,0
2020,8521340,7216,1,2020,"I",,"Y","G","C","2020_01_LA0200000_NIBRS",95869533,0
2020,8546955,7216,2,2020,"I",,"Y","G","C","2020_02_LA0200000_NIBRS",95865045,0
2020,8511045,7216,3,2020,"I",,"Y","G","C","2020_03_LA0200000_NIBRS",95864828,0
2020,8505774,7216,4,2020,"I",,"Y","G","C","2020_04_LA0200000_NIBRS",95865057,0
2020,8498887,7216,5,2020,"I",,"Y","G","C","2020_05_LA0200000_NIBRS",95869436,0
2020,8514458,7216,6,2020,"I",,"Y","G","C","2020_06_LA0200000_NIBRS",95869097,0
2020,8560827,7216,7,2020,"I",,"Y","G","C","2020_07_LA0200000_NIBRS",95869521,0
2020,8498968,7216,8,2020,"I",,"Y","G","C","2020_08_LA0200000_NIBRS",96763955,0
2020,8551609,7216,9,2020,"I",,"Y","G","C","2020_09_LA0200000_NIBRS",98108076,0
2020,8510305,7216,10,2020,"I",,"Y","G","C","2020_10_LA0200000_NIBRS",98104578,0
2020,8571310,7216,11,2020,"I",,"Y","G","C","2020_11_LA0200000_NIBRS",98104522,0
2020,8573230,7216,12,2020,"I",,"Y","G","C","2020_12_LA0200000_NIBRS",98107730,0
2020,17949175,7271,1,2020,"I",19-FEB-21,"Y","F","C","2020_01_LA0310200_NIBRS",96767279,0
2020,17949176,7271,2,2020,"I",19-FEB-21,"Y","F","C","2020_02_LA0310200_NIBRS",96767292,0
2020,17949597,7271,3,2020,"I",19-FEB-21,"Y","F","C","2020_03_LA0310200_NIBRS",95865275,0
2020,17949594,7271,4,2020,"I",19-FEB-21,"Y","F","C","2020_04_LA0310200_NIBRS",95869443,0
2020,17949595,7271,5,2020,"I",19-FEB-21,"Y","F","C","2020_05_LA0310200_NIBRS",95865112,0
2020,17949596,7271,6,2020,"I",19-FEB-21,"Y","F","C","2020_06_LA0310200_NIBRS",96767308,0
2020,17949177,7271,7,2020,"I",19-FEB-21,"Y","F","C","2020_07_LA0310200_NIBRS",95869550,0
2020,17949598,7271,8,2020,"I",19-FEB-21,"Y","F","C","2020_08_LA0310200_NIBRS",96767329,0
2020,17949599,7271,9,2020,"I",19-FEB-21,"Y","F","C","2020_09_LA0310200_NIBRS",95869629,0
2020,18025481,7271,10,2020,"I",25-FEB-21,"Y","F","C","2020_10_LA0310200_NIBRS",95865371,0
2020,18122127,7271,11,2020,"I",04-MAR-21,"Y","F","C","2020_11_LA0310200_NIBRS",96767359,0
2020,18123328,7271,12,2020,"I",04-MAR-21,"Y","F","C","2020_12_LA0310200_NIBRS",96767371,0
2020,17948511,7180,1,2020,"I",19-FEB-21,"Y","F","C","2020_01_LA0100300_NIBRS",95841621,0
2020,17948521,7180,3,2020,"I",19-FEB-21,"Y","F","C","2020_03_LA0100300_NIBRS",95848156,0
2020,17948512,7180,4,2020,"U",19-FEB-21,"Y","F","C","2020_04_LA0100300_NIBRS",95847836,0
2020,17946983,7180,5,2020,"I",19-FEB-21,"Y","F","C","2020_05_LA0100300_NIBRS",95851690,0
2020,17948479,7180,6,2020,"I",19-FEB-21,"Y","F","C","2020_06_LA0100300_NIBRS",95851725,0
2020,17948483,7180,7,2020,"I",19-FEB-21,"Y","F","C","2020_07_LA0100300_NIBRS",97823914,0
2020,17948487,7180,8,2020,"I",19-FEB-21,"Y","F","C","2020_08_LA0100300_NIBRS",97823919,0
2020,17948490,7180,9,2020,"I",19-FEB-21,"Y","F","C","2020_09_LA0100300_NIBRS",97826934,0
2020,17948495,7180,10,2020,"I",19-FEB-21,"Y","F","C","2020_10_LA0100300_NIBRS",97826964,0
2020,17948500,7180,11,2020,"I",19-FEB-21,"Y","F","C","2020_11_LA0100300_NIBRS",97824018,0
2020,17948504,7180,12,2020,"I",19-FEB-21,"Y","F","C","2020_12_LA0100300_NIBRS",97827020,0
2020,18291048,7319,2,2020,"I",16-MAR-21,"Y","F","C","2020_02_LA0420000_NIBRS",98106721,0
2020,18291039,7319,4,2020,"I",16-MAR-21,"Y","F","C","2020_04_LA0420000_NIBRS",98101581,0
2020,18291041,7319,6,2020,"I",16-MAR-21,"Y","F","C","2020_06_LA0420000_NIBRS",98101616,0
2020,18291049,7319,9,2020,"I",16-MAR-21,"Y","F","C","2020_09_LA0420000_NIBRS",98106753,0
2020,18291050,7319,10,2020,"I",16-MAR-21,"Y","F","C","2020_10_LA0420000_NIBRS",98106834,0
2020,18291043,7319,11,2020,"I",16-MAR-21,"Y","F","C","2020_11_LA0420000_NIBRS",98106631,0
2020,18291047,7319,12,2020,"I",16-MAR-21,"Y","F","C","2020_12_LA0420000_NIBRS",98106651,0
2020,8501266,7228,1,2020,"U",,"Y","G","C","2020_01_LA0230000_NIBRS",,0
2020,8561314,7228,2,2020,"U",,"Y","G","C","2020_02_LA0230000_NIBRS",,0
2020,8484028,7228,3,2020,"U",,"Y","G","C","2020_03_LA0230000_NIBRS",,0
2020,8530407,7228,4,2020,"U",,"Y","G","C","2020_04_LA0230000_NIBRS",,0
2020,8531883,7228,5,2020,"U",,"Y","G","C","2020_05_LA0230000_NIBRS",,0
2020,8559471,7228,6,2020,"U",,"Y","G","C","2020_06_LA0230000_NIBRS",,0
2020,8535433,7228,7,2020,"U",,"Y","G","C","2020_07_LA0230000_NIBRS",,0
2020,8551113,7228,8,2020,"U",,"Y","G","C","2020_08_LA0230000_NIBRS",,0
2020,8505337,7228,9,2020,"U",,"Y","G","C","2020_09_LA0230000_NIBRS",,0
2020,8501861,7228,10,2020,"U",,"Y","G","C","2020_10_LA0230000_NIBRS",,0
2020,8571001,7228,11,2020,"U",,"Y","G","C","2020_11_LA0230000_NIBRS",,0
2020,8538196,7228,12,2020,"U",,"Y","G","C","2020_12_LA0230000_NIBRS",,0
2020,17949152,7181,7,2020,"I",19-FEB-21,"Y","F","C","2020_07_LA0100400_NIBRS",95870397,0
2020,17948559,7181,8,2020,"I",19-FEB-21,"Y","F","C","2020_08_LA0100400_NIBRS",95866223,0
2020,17949153,7181,9,2020,"I",19-FEB-21,"Y","F","C","2020_09_LA0100400_NIBRS",97823913,0
2020,17948558,7181,10,2020,"I",19-FEB-21,"Y","F","C","2020_10_LA0100400_NIBRS",97823917,0
2020,17949154,7181,11,2020,"I",19-FEB-21,"Y","F","C","2020_11_LA0100400_NIBRS",97826946,0
2020,17948560,7181,12,2020,"I",19-FEB-21,"Y","F","C","2020_12_LA0100400_NIBRS",97823952,0
2020,17949624,7332,8,2020,"I",19-FEB-21,"Y","F","C","2020_08_LA0470100_NIBRS",95876141,0
2020,17949623,7332,9,2020,"I",19-FEB-21,"Y","F","C","2020_09_LA0470100_NIBRS",95881810,0
2020,17949190,7332,10,2020,"U",19-FEB-21,"Y","F","C","2020_10_LA0470100_NIBRS",95876377,0
2020,17949188,7332,11,2020,"I",19-FEB-21,"Y","F","C","2020_11_LA0470100_NIBRS",95876196,0
2020,17949625,7332,12,2020,"I",19-FEB-21,"Y","F","C","2020_12_LA0470100_NIBRS",95876211,0
2020,8564636,7333,1,2020,"I",,"Y","G","C","2020_01_LA0470200_NIBRS",95882943,0
2020,8497884,7333,2,2020,"I",,"Y","G","C","2020_02_LA0470200_NIBRS",95887031,0
2020,8556037,7333,3,2020,"I",,"Y","G","C","2020_03_LA0470200_NIBRS",95887232,0
2020,8554322,7333,4,2020,"I",,"Y","G","C","2020_04_LA0470200_NIBRS",95887276,0
2020,8557947,7333,5,2020,"I",,"Y","G","C","2020_05_LA0470200_NIBRS",95887118,0
2020,8528521,7333,6,2020,"I",,"Y","G","C","2020_06_LA0470200_NIBRS",95883092,0
2020,8515089,7333,7,2020,"I",,"Y","G","C","2020_07_LA0470200_NIBRS",95882988,0
2020,8569882,7333,8,2020,"I",,"Y","G","C","2020_08_LA0470200_NIBRS",95882894,0
2020,8572199,7333,9,2020,"I",,"Y","G","C","2020_09_LA0470200_NIBRS",95887005,0
2020,8534675,7333,10,2020,"I",,"Y","G","C","2020_10_LA0470200_NIBRS",98107232,0
2020,8563690,7333,11,2020,"I",,"Y","G","C","2020_11_LA0470200_NIBRS",98107304,0
2020,8512206,7333,12,2020,"I",,"Y","G","C","2020_12_LA0470200_NIBRS",98107378,0
2020,8546927,7218,1,2020,"U",,"Y","G","C","2020_01_LA0200200_NIBRS",,0
2020,8490293,7218,2,2020,"U",,"Y","G","C","2020_02_LA0200200_NIBRS",,0
2020,8521397,7218,3,2020,"U",,"Y","G","C","2020_03_LA0200200_NIBRS",,0
2020,8498852,7218,4,2020,"U",,"Y","G","C","2020_04_LA0200200_NIBRS",,0
2020,8491983,7218,5,2020,"U",,"Y","G","C","2020_05_LA0200200_NIBRS",,0
2020,8514459,7218,6,2020,"U",,"Y","G","C","2020_06_LA0200200_NIBRS",,0
2020,8502346,7218,7,2020,"U",,"Y","G","C","2020_07_LA0200200_NIBRS",,0
2020,8521551,7218,8,2020,"U",,"Y","G","C","2020_08_LA0200200_NIBRS",,0
2020,8482926,7218,9,2020,"U",,"Y","G","C","2020_09_LA0200200_NIBRS",,0
2020,8520704,7218,10,2020,"U",,"Y","G","C","2020_10_LA0200200_NIBRS",,0
2020,8484690,7218,11,2020,"U",,"Y","G","C","2020_11_LA0200200_NIBRS",,0
2020,8524028,7218,12,2020,"U",,"Y","G","C","2020_12_LA0200200_NIBRS",,0
2020,15552432,7385,4,2020,"I",03-AUG-20,"Y","F","C","2020_04_LA0570400_NIBRS",95880798,0
2020,15552434,7385,5,2020,"I",03-AUG-20,"Y","F","C","2020_05_LA0570400_NIBRS",95880514,0
2020,15552433,7385,6,2020,"I",03-AUG-20,"Y","F","C","2020_06_LA0570400_NIBRS",95880403,0
2020,17949195,7385,7,2020,"I",19-FEB-21,"Y","F","C","2020_07_LA0570400_NIBRS",95880412,0
2020,17949630,7385,8,2020,"I",19-FEB-21,"Y","F","C","2020_08_LA0570400_NIBRS",95880440,0
2020,17949196,7385,9,2020,"I",19-FEB-21,"Y","F","C","2020_09_LA0570400_NIBRS",95880736,0
2020,17949198,7385,10,2020,"I",19-FEB-21,"Y","F","C","2020_10_LA0570400_NIBRS",95880741,0
2020,17949199,7385,11,2020,"I",19-FEB-21,"Y","F","C","2020_11_LA0570400_NIBRS",95880758,0
2020,17949602,29014,6,2020,"I",19-FEB-21,"Y","F","C","2020_06_LA0080200_NIBRS",95844683,0
2020,17949603,29014,7,2020,"I",19-FEB-21,"Y","F","C","2020_07_LA0080200_NIBRS",95844742,0
2020,17949179,29014,8,2020,"I",19-FEB-21,"Y","F","C","2020_08_LA0080200_NIBRS",96767277,0
2020,17949178,29014,9,2020,"I",19-FEB-21,"Y","F","C","2020_09_LA0080200_NIBRS",96767283,0
2020,17949182,29014,10,2020,"I",19-FEB-21,"Y","F","C","2020_10_LA0080200_NIBRS",96767289,0
2020,17949180,29014,11,2020,"I",19-FEB-21,"Y","F","C","2020_11_LA0080200_NIBRS",96767291,0
2020,17949181,29014,12,2020,"I",19-FEB-21,"Y","F","C","2020_12_LA0080200_NIBRS",96763832,0
2020,8502196,7217,1,2020,"U",,"Y","G","C","2020_01_LA0200100_NIBRS",,0
2020,8505704,7217,2,2020,"I",,"Y","G","C","2020_02_LA0200100_NIBRS",95866848,0
2020,8519449,7217,3,2020,"U",,"Y","G","C","2020_03_LA0200100_NIBRS",,0
2020,8485102,7217,4,2020,"I",,"Y","G","C","2020_04_LA0200100_NIBRS",95866991,0
2020,8540094,7217,5,2020,"I",,"Y","G","C","2020_05_LA0200100_NIBRS",95866927,0
2020,8490415,7217,6,2020,"U",,"Y","G","C","2020_06_LA0200100_NIBRS",,0
2020,8557392,7217,7,2020,"I",,"Y","G","C","2020_07_LA0200100_NIBRS",95863164,0
2020,8497411,7217,8,2020,"U",,"Y","G","C","2020_08_LA0200100_NIBRS",,0
2020,8527469,7217,9,2020,"U",,"Y","G","C","2020_09_LA0200100_NIBRS",,0
2020,8525641,7217,10,2020,"I",,"Y","G","C","2020_10_LA0200100_NIBRS",95863155,0
2020,8534352,7217,11,2020,"I",,"Y","G","C","2020_11_LA0200100_NIBRS",95863253,0
2020,8532495,7217,12,2020,"I",,"Y","G","C","2020_12_LA0200100_NIBRS",95867000,0
2020,8527132,7379,1,2020,"I",,"Y","G","C","2020_01_LA0560200_NIBRS",68199477,0
2020,8484223,7379,2,2020,"I",,"Y","G","C","2020_02_LA0560200_NIBRS",68193994,0
2020,8492763,7379,3,2020,"I",,"Y","G","C","2020_03_LA0560200_NIBRS",95855817,0
2020,8556273,7379,4,2020,"I",,"Y","G","C","2020_04_LA0560200_NIBRS",95858882,0
2020,8549318,7379,5,2020,"I",,"Y","G","C","2020_05_LA0560200_NIBRS",95855809,0
2020,8535623,7379,6,2020,"I",,"Y","G","C","2020_06_LA0560200_NIBRS",95855658,0
2020,8503156,7379,7,2020,"I",,"Y","G","C","2020_07_LA0560200_NIBRS",95855880,0
2020,8505017,7379,8,2020,"I",,"Y","G","C","2020_08_LA0560200_NIBRS",95859078,0
2020,8510748,7379,9,2020,"I",,"Y","G","C","2020_09_LA0560200_NIBRS",95858627,0
2020,8515762,7379,10,2020,"I",,"Y","G","C","2020_10_LA0560200_NIBRS",95858921,0
2020,8567242,7379,11,2020,"I",,"Y","G","C","2020_11_LA0560200_NIBRS",95855642,0
2020,8528000,7379,12,2020,"I",,"Y","G","C","2020_12_LA0560200_NIBRS",95855982,0
2020,17949123,7277,1,2020,"U",19-FEB-21,"Y","F","C","2020_01_LA0320300_NIBRS",95818257,0
2020,17949124,7277,2,2020,"U",19-FEB-21,"Y","F","C","2020_02_LA0320300_NIBRS",95818472,0
2020,17949125,7277,3,2020,"U",19-FEB-21,"Y","F","C","2020_03_LA0320300_NIBRS",95815193,0
2020,17948529,7277,4,2020,"U",19-FEB-21,"Y","F","C","2020_04_LA0320300_NIBRS",95815198,0
2020,17949126,7277,5,2020,"U",19-FEB-21,"Y","F","C","2020_05_LA0320300_NIBRS",95815203,0
2020,17949122,7277,6,2020,"U",19-FEB-21,"Y","F","C","2020_06_LA0320300_NIBRS",95818709,0
2020,17948530,7277,7,2020,"U",19-FEB-21,"Y","F","C","2020_07_LA0320300_NIBRS",95815499,0
2020,17948527,7277,8,2020,"U",19-FEB-21,"Y","F","C","2020_08_LA0320300_NIBRS",95818763,0
2020,17948528,7277,9,2020,"U",19-FEB-21,"Y","F","C","2020_09_LA0320300_NIBRS",95815486,0
2020,17948531,7277,10,2020,"U",19-FEB-21,"Y","F","C","2020_10_LA0320300_NIBRS",95815247,0
2020,17949127,7277,11,2020,"U",19-FEB-21,"Y","F","C","2020_11_LA0320300_NIBRS",95818682,0
2020,8530124,7187,1,2020,"U",,"Y","G","C","2020_01_LA0120000_NIBRS",,0
2020,8562469,7187,2,2020,"U",,"Y","G","C","2020_02_LA0120000_NIBRS",,0
2020,8541913,7187,3,2020,"U",,"Y","G","C","2020_03_LA0120000_NIBRS",,0
2020,8561177,7187,4,2020,"U",,"Y","G","C","2020_04_LA0120000_NIBRS",,0
2020,8482078,7282,1,2020,"I",,"Y","G","C","2020_01_LA0330100_NIBRS",95778225,0
2020,8559191,7282,2,2020,"I",,"Y","G","C","2020_02_LA0330100_NIBRS",95776304,0
2020,8512945,7282,3,2020,"I",,"Y","G","C","2020_03_LA0330100_NIBRS",95776264,0
2020,8526775,7282,4,2020,"I",,"Y","G","C","2020_04_LA0330100_NIBRS",95778118,0
2020,8564527,7282,5,2020,"I",,"Y","G","C","2020_05_LA0330100_NIBRS",95775981,0
2020,8483896,7282,6,2020,"I",,"Y","G","C","2020_06_LA0330100_NIBRS",95776362,0
2020,8519972,7282,7,2020,"I",,"Y","G","C","2020_07_LA0330100_NIBRS",95776064,0
2020,8523373,7282,8,2020,"I",,"Y","G","C","2020_08_LA0330100_NIBRS",95777872,0
2020,8551864,7282,9,2020,"I",,"Y","G","C","2020_09_LA0330100_NIBRS",95777904,0
2020,8481429,7282,10,2020,"I",,"Y","G","C","2020_10_LA0330100_NIBRS",95776248,0
2020,8538060,7282,11,2020,"I",,"Y","G","C","2020_11_LA0330100_NIBRS",95778194,0
2020,8571564,7282,12,2020,"U",,"Y","G","C","2020_12_LA0330100_NIBRS",,0
2020,8540230,7182,1,2020,"U",,"Y","G","C","2020_01_LA0100500_NIBRS",,0
2020,8551955,7182,2,2020,"U",,"Y","G","C","2020_02_LA0100500_NIBRS",,0
2020,8516226,7182,3,2020,"U",,"Y","G","C","2020_03_LA0100500_NIBRS",,0
2020,8565967,7182,4,2020,"U",,"Y","G","C","2020_04_LA0100500_NIBRS",,0
2020,8516284,7182,5,2020,"U",,"Y","G","C","2020_05_LA0100500_NIBRS",,0
2020,8485389,7182,6,2020,"U",,"Y","G","C","2020_06_LA0100500_NIBRS",,0
2020,8518315,7182,7,2020,"U",,"Y","G","C","2020_07_LA0100500_NIBRS",,0
2020,8512861,7182,8,2020,"U",,"Y","G","C","2020_08_LA0100500_NIBRS",,0
2020,8573269,7182,9,2020,"I",,"Y","G","C","2020_09_LA0100500_NIBRS",95886733,0
2020,8556786,7182,10,2020,"I",,"Y","G","C","2020_10_LA0100500_NIBRS",95882708,0
2020,8484807,7182,11,2020,"I",,"Y","G","C","2020_11_LA0100500_NIBRS",95882652,0
2020,8534497,7182,12,2020,"I",,"Y","G","C","2020_12_LA0100500_NIBRS",95882591,0
2020,17949587,7200,8,2020,"I",19-FEB-21,"Y","F","C","2020_08_LA0160100_NIBRS",95866473,0
2020,17949593,7200,9,2020,"I",19-FEB-21,"Y","F","C","2020_09_LA0160100_NIBRS",95871292,0
2020,17949591,7200,10,2020,"I",19-FEB-21,"Y","F","C","2020_10_LA0160100_NIBRS",95871246,0
2020,17949173,7200,11,2020,"I",19-FEB-21,"Y","F","C","2020_11_LA0160100_NIBRS",95866579,0
2020,17949586,7200,12,2020,"I",19-FEB-21,"Y","F","C","2020_12_LA0160100_NIBRS",97824369,0
2020,8512891,7400,1,2020,"I",,"Y","G","C","2020_01_LA0610100_NIBRS",95768301,0
2020,8511440,7400,2,2020,"I",,"Y","G","C","2020_02_LA0610100_NIBRS",95768368,0
2020,8519864,7400,3,2020,"I",,"Y","G","C","2020_03_LA0610100_NIBRS",95768274,0
2020,8499264,7400,4,2020,"I",,"Y","G","C","2020_04_LA0610100_NIBRS",95768306,0
2020,8530228,7400,5,2020,"I",,"Y","G","C","2020_05_LA0610100_NIBRS",95768293,0
2020,8564562,7400,6,2020,"I",,"Y","G","C","2020_06_LA0610100_NIBRS",95768279,0
2020,8555942,7400,7,2020,"I",,"Y","G","C","2020_07_LA0610100_NIBRS",95768355,0
2020,8568147,7400,8,2020,"I",,"Y","G","C","2020_08_LA0610100_NIBRS",95772205,0
2020,8555173,7400,9,2020,"I",,"Y","G","C","2020_09_LA0610100_NIBRS",95772209,0
2020,8570538,7400,10,2020,"I",,"Y","G","C","2020_10_LA0610100_NIBRS",95768284,0
2020,8518978,7400,11,2020,"I",,"Y","G","C","2020_11_LA0610100_NIBRS",95772398,0
2020,8573443,7400,12,2020,"I",,"Y","G","C","2020_12_LA0610100_NIBRS",95768810,0
2020,8509480,7371,1,2020,"I",,"Y","G","C","2020_01_LA0540000_NIBRS",95870486,0
2020,8552168,7371,2,2020,"I",,"Y","G","C","2020_02_LA0540000_NIBRS",95870468,0
2020,8566135,7371,3,2020,"I",,"Y","G","C","2020_03_LA0540000_NIBRS",95870579,0
2020,8508085,7371,4,2020,"U",,"Y","G","C","2020_04_LA0540000_NIBRS",,0
2020,8533557,7371,5,2020,"I",,"Y","G","C","2020_05_LA0540000_NIBRS",95865853,0
2020,8514859,7371,6,2020,"I",,"Y","G","C","2020_06_LA0540000_NIBRS",95865981,0
2020,8568124,7371,7,2020,"I",,"Y","G","C","2020_07_LA0540000_NIBRS",95865747,0
2020,8499363,7371,8,2020,"U",,"Y","G","C","2020_08_LA0540000_NIBRS",,0
2020,8505232,7371,9,2020,"I",,"Y","G","C","2020_09_LA0540000_NIBRS",95870546,0
2020,8501756,7371,10,2020,"I",,"Y","G","C","2020_10_LA0540000_NIBRS",95870533,0
2020,8525889,7371,11,2020,"I",,"Y","G","C","2020_11_LA0540000_NIBRS",95870240,0
2020,8481496,7371,12,2020,"I",,"Y","G","C","2020_12_LA0540000_NIBRS",95866072,0
2020,15645940,7139,4,2020,"I",14-AUG-20,"Y","F","C","2020_04_LA0010300_NIBRS",79693685,0
2020,15645942,7139,5,2020,"I",14-AUG-20,"Y","F","C","2020_05_LA0010300_NIBRS",79693687,0
2020,15645941,7139,6,2020,"I",14-AUG-20,"Y","F","C","2020_06_LA0010300_NIBRS",98104595,0
2020,18287990,7139,7,2020,"I",16-MAR-21,"Y","F","C","2020_07_LA0010300_NIBRS",98107852,0
2020,17948548,7139,8,2020,"I",19-FEB-21,"Y","F","C","2020_08_LA0010300_NIBRS",98107764,0
2020,17948543,7139,9,2020,"I",19-FEB-21,"Y","F","C","2020_09_LA0010300_NIBRS",98107863,0
2020,17949139,7139,10,2020,"I",19-FEB-21,"Y","F","C","2020_10_LA0010300_NIBRS",98107956,0
2020,17948547,7139,11,2020,"I",19-FEB-21,"Y","F","C","2020_11_LA0010300_NIBRS",98107993,0
2020,17949137,7139,12,2020,"I",19-FEB-21,"Y","F","C","2020_12_LA0010300_NIBRS",98107940,0
2020,8552559,7281,1,2020,"I",,"Y","G","C","2020_01_LA0330000_NIBRS",95867700,0
2020,8506531,7281,2,2020,"I",,"Y","G","C","2020_02_LA0330000_NIBRS",95863299,0
2020,8499625,7281,3,2020,"I",,"Y","G","C","2020_03_LA0330000_NIBRS",96767282,0
2020,8561564,7281,4,2020,"I",,"Y","G","C","2020_04_LA0330000_NIBRS",96767290,0
2020,8521793,7281,5,2020,"I",,"Y","G","C","2020_05_LA0330000_NIBRS",95867763,0
2020,8559678,7281,6,2020,"I",,"Y","G","C","2020_06_LA0330000_NIBRS",96767293,0
2020,8532146,7281,7,2020,"I",,"Y","G","C","2020_07_LA0330000_NIBRS",96767309,0
2020,8506697,7281,8,2020,"I",,"Y","G","C","2020_08_LA0330000_NIBRS",96767322,0
2020,8560424,7281,9,2020,"I",,"Y","G","C","2020_09_LA0330000_NIBRS",96767339,0
2020,8565479,7281,10,2020,"I",,"Y","G","C","2020_10_LA0330000_NIBRS",96763862,0
2020,8568868,7281,11,2020,"I",,"Y","G","C","2020_11_LA0330000_NIBRS",96767352,0
2020,8534840,7281,12,2020,"I",,"Y","G","C","2020_12_LA0330000_NIBRS",96763887,0
2020,17949642,7396,8,2020,"I",19-FEB-21,"Y","F","C","2020_08_LA0600200_NIBRS",95881723,0
2020,17949201,7396,9,2020,"I",19-FEB-21,"Y","F","C","2020_09_LA0600200_NIBRS",95881744,0
2020,17949643,7396,10,2020,"I",19-FEB-21,"Y","F","C","2020_10_LA0600200_NIBRS",95881607,0
2020,17949202,7396,11,2020,"I",19-FEB-21,"Y","F","C","2020_11_LA0600200_NIBRS",95881599,0
2020,17949644,7396,12,2020,"I",19-FEB-21,"Y","F","C","2020_12_LA0600200_NIBRS",95875986,0
2020,8497426,7209,1,2020,"I",,"Y","G","C","2020_01_LA0180000_NIBRS",95772261,0
2020,8543595,7209,2,2020,"I",,"Y","G","C","2020_02_LA0180000_NIBRS",95768294,0
2020,8547181,7209,3,2020,"I",,"Y","G","C","2020_03_LA0180000_NIBRS",95768280,0
2020,8547211,7209,4,2020,"I",,"Y","G","C","2020_04_LA0180000_NIBRS",95768283,0
2020,8506007,7209,5,2020,"I",,"Y","G","C","2020_05_LA0180000_NIBRS",95768429,0
2020,8499105,7209,6,2020,"I",,"Y","G","C","2020_06_LA0180000_NIBRS",95772162,0
2020,8488749,7209,7,2020,"I",,"Y","G","C","2020_07_LA0180000_NIBRS",95768326,0
2020,8559134,7209,8,2020,"I",,"Y","G","C","2020_08_LA0180000_NIBRS",95768311,0
2020,8536048,7209,9,2020,"I",,"Y","G","C","2020_09_LA0180000_NIBRS",95768270,0
2020,8522247,7209,10,2020,"I",,"Y","G","C","2020_10_LA0180000_NIBRS",95772282,0
2020,8546439,7209,11,2020,"I",,"Y","G","C","2020_11_LA0180000_NIBRS",95768263,0
2020,8546473,7209,12,2020,"I",,"Y","G","C","2020_12_LA0180000_NIBRS",95768264,0
2020,17949183,7184,7,2020,"I",19-FEB-21,"Y","F","C","2020_07_LA0100700_NIBRS",95828506,0
2020,17949605,7184,8,2020,"I",19-FEB-21,"Y","F","C","2020_08_LA0100700_NIBRS",95831895,0
2020,17949606,7184,9,2020,"I",19-FEB-21,"Y","F","C","2020_09_LA0100700_NIBRS",95831990,0
2020,17949608,7184,10,2020,"I",19-FEB-21,"Y","F","C","2020_10_LA0100700_NIBRS",95832025,0
2020,17949607,7184,11,2020,"I",19-FEB-21,"Y","F","C","2020_11_LA0100700_NIBRS",95832107,0
2020,17949604,7184,12,2020,"I",19-FEB-21,"Y","F","C","2020_12_LA0100700_NIBRS",95831789,0
2020,8480598,7178,1,2020,"U",,"Y","G","C","2020_01_LA0100100_NIBRS",,0
2020,8564658,7178,2,2020,"U",,"Y","G","C","2020_02_LA0100100_NIBRS",,0
2020,8564212,7301,1,2020,"U",,"Y","G","C","2020_01_LA0370300_NIBRS",,0
2020,8512703,7301,2,2020,"U",,"Y","G","C","2020_02_LA0370300_NIBRS",,0
2020,8514588,7301,3,2020,"U",,"Y","G","C","2020_03_LA0370300_NIBRS",,0
2020,8521635,7301,4,2020,"U",,"Y","G","C","2020_04_LA0370300_NIBRS",,0
2020,8519690,7301,5,2020,"U",,"Y","G","C","2020_05_LA0370300_NIBRS",,0
2020,8519726,7301,6,2020,"U",,"Y","G","C","2020_06_LA0370300_NIBRS",,0
2020,8507939,7301,7,2020,"U",,"Y","G","C","2020_07_LA0370300_NIBRS",,0
2020,8506084,7301,8,2020,"U",,"Y","G","C","2020_08_LA0370300_NIBRS",,0
2020,8560107,7301,9,2020,"U",,"Y","G","C","2020_09_LA0370300_NIBRS",,0
2020,8539433,7301,10,2020,"U",,"Y","G","C","2020_10_LA0370300_NIBRS",,0
2020,8556815,7301,11,2020,"U",,"Y","G","C","2020_11_LA0370300_NIBRS",,0
2020,8518902,7301,12,2020,"U",,"Y","G","C","2020_12_LA0370300_NIBRS",,0
2020,8506226,7187,5,2020,"U",,"Y","G","C","2020_05_LA0120000_NIBRS",,0
2020,8545511,7187,6,2020,"U",,"Y","G","C","2020_06_LA0120000_NIBRS",,0
2020,8561263,7187,7,2020,"U",,"Y","G","C","2020_07_LA0120000_NIBRS",,0
2020,8537160,7187,8,2020,"U",,"Y","G","C","2020_08_LA0120000_NIBRS",,0
2020,8544835,7187,9,2020,"U",,"Y","G","C","2020_09_LA0120000_NIBRS",,0
2020,8524216,7187,10,2020,"U",,"Y","G","C","2020_10_LA0120000_NIBRS",,0
2020,8567034,7187,11,2020,"U",,"Y","G","C","2020_11_LA0120000_NIBRS",,0
2020,8507117,7187,12,2020,"U",,"Y","G","C","2020_12_LA0120000_NIBRS",,0
2020,8550312,7234,1,2020,"U",,"Y","G","C","2020_01_LA0240200_NIBRS",,0
2020,8509121,7234,2,2020,"U",,"Y","G","C","2020_02_LA0240200_NIBRS",,0
2020,8535044,7234,3,2020,"U",,"Y","G","C","2020_03_LA0240200_NIBRS",,0
2020,8490356,7234,4,2020,"U",,"Y","G","C","2020_04_LA0240200_NIBRS",,0
2020,18027287,7242,1,2020,"I",25-FEB-21,"Y","F","C","2020_01_LA0260000_NIBRS",95889036,0
2020,18027285,7242,2,2020,"I",25-FEB-21,"Y","F","C","2020_02_LA0260000_NIBRS",95889000,0
2020,18025491,7242,3,2020,"I",25-FEB-21,"Y","F","C","2020_03_LA0260000_NIBRS",95885316,0
2020,18027284,7242,4,2020,"I",25-FEB-21,"Y","F","C","2020_04_LA0260000_NIBRS",95888961,0
2020,18027286,7242,5,2020,"I",25-FEB-21,"Y","F","C","2020_05_LA0260000_NIBRS",95889029,0
2020,18027281,7242,6,2020,"I",25-FEB-21,"Y","F","C","2020_06_LA0260000_NIBRS",95885322,0
2020,18025494,7242,7,2020,"I",25-FEB-21,"Y","F","C","2020_07_LA0260000_NIBRS",95885410,0
2020,18025492,7242,8,2020,"I",25-FEB-21,"Y","F","C","2020_08_LA0260000_NIBRS",95885330,0
2020,18027282,7242,9,2020,"I",25-FEB-21,"Y","F","C","2020_09_LA0260000_NIBRS",95888945,0
2020,18027283,7242,10,2020,"I",25-FEB-21,"Y","F","C","2020_10_LA0260000_NIBRS",95885344,0
2020,18025493,7242,11,2020,"I",25-FEB-21,"Y","F","C","2020_11_LA0260000_NIBRS",95885357,0
2020,18027280,7242,12,2020,"I",25-FEB-21,"Y","F","C","2020_12_LA0260000_NIBRS",95888913,0
2020,17949131,7253,1,2020,"I",19-FEB-21,"Y","F","C","2020_01_LA0280000_NIBRS",95778427,0
2020,17949132,7253,2,2020,"I",19-FEB-21,"Y","F","C","2020_02_LA0280000_NIBRS",95778525,0
2020,17948541,7253,3,2020,"I",19-FEB-21,"Y","F","C","2020_03_LA0280000_NIBRS",95778534,0
2020,17948542,7253,4,2020,"I",19-FEB-21,"Y","F","C","2020_04_LA0280000_NIBRS",95778580,0
2020,17949142,7253,5,2020,"I",19-FEB-21,"Y","F","C","2020_05_LA0280000_NIBRS",95779213,0
2020,17948549,7253,6,2020,"I",19-FEB-21,"Y","F","C","2020_06_LA0280000_NIBRS",95778984,0
2020,17948550,7253,7,2020,"I",19-FEB-21,"Y","F","C","2020_07_LA0280000_NIBRS",95778965,0
2020,17948544,7253,8,2020,"I",19-FEB-21,"Y","F","C","2020_08_LA0280000_NIBRS",95777970,0
2020,17948545,7253,9,2020,"I",19-FEB-21,"Y","F","C","2020_09_LA0280000_NIBRS",95778102,0
2020,17949136,7253,10,2020,"I",19-FEB-21,"Y","F","C","2020_10_LA0280000_NIBRS",95778284,0
2020,17948546,7253,11,2020,"I",19-FEB-21,"Y","F","C","2020_11_LA0280000_NIBRS",95778786,0
2020,17949138,7253,12,2020,"I",19-FEB-21,"Y","F","C","2020_12_LA0280000_NIBRS",95778690,0
2020,8518166,7308,1,2020,"I",,"Y","G","C","2020_01_LA0400000_NIBRS",95838092,0
2020,8524892,7308,2,2020,"I",,"Y","G","C","2020_02_LA0400000_NIBRS",95843821,0
2020,8507822,7308,3,2020,"I",,"Y","G","C","2020_03_LA0400000_NIBRS",95838330,0
2020,8485328,7308,4,2020,"I",,"Y","G","C","2020_04_LA0400000_NIBRS",95843660,0
2020,8547230,7308,5,2020,"I",,"Y","G","C","2020_05_LA0400000_NIBRS",95836991,0
2020,8483706,7308,6,2020,"I",,"Y","G","C","2020_06_LA0400000_NIBRS",95837396,0
2020,8540381,7308,7,2020,"I",,"Y","G","C","2020_07_LA0400000_NIBRS",95841696,0
2020,8507961,7308,8,2020,"I",,"Y","G","C","2020_08_LA0400000_NIBRS",95838676,0
2020,8484752,7308,9,2020,"I",,"Y","G","C","2020_09_LA0400000_NIBRS",95841993,0
2020,8503438,7308,10,2020,"I",,"Y","G","C","2020_10_LA0400000_NIBRS",95841925,0
2020,8520838,7308,11,2020,"I",,"Y","G","C","2020_11_LA0400000_NIBRS",95841757,0
2020,8573334,7308,12,2020,"I",,"Y","G","C","2020_12_LA0400000_NIBRS",95837140,0
2020,17948562,7375,9,2020,"I",19-FEB-21,"Y","F","C","2020_09_LA0550000_NIBRS",95809258,0
2020,17948563,7375,10,2020,"I",19-FEB-21,"Y","F","C","2020_10_LA0550000_NIBRS",95809082,0
2020,17949157,7375,11,2020,"I",19-FEB-21,"Y","F","C","2020_11_LA0550000_NIBRS",95804090,0
2020,17948564,7375,12,2020,"I",19-FEB-21,"Y","F","C","2020_12_LA0550000_NIBRS",95803953,0
2020,8518367,7177,1,2020,"I",,"Y","G","C","2020_01_LA0100000_NIBRS",95768346,0
2020,8512917,7177,2,2020,"I",,"Y","G","C","2020_02_LA0100000_NIBRS",95772611,0
2020,8545437,7177,3,2020,"I",,"Y","G","C","2020_03_LA0100000_NIBRS",95768289,0
2020,8533527,7177,4,2020,"I",,"Y","G","C","2020_04_LA0100000_NIBRS",95768361,0
2020,8519930,7177,5,2020,"I",,"Y","G","C","2020_05_LA0100000_NIBRS",95768372,0
2020,8552283,7177,6,2020,"I",,"Y","G","C","2020_06_LA0100000_NIBRS",95768268,0
2020,8509650,7177,7,2020,"I",,"Y","G","C","2020_07_LA0100000_NIBRS",95768277,0
2020,8492477,7177,8,2020,"I",,"Y","G","C","2020_08_LA0100000_NIBRS",95772166,0
2020,8508618,7177,9,2020,"I",,"Y","G","C","2020_09_LA0100000_NIBRS",95772179,0
2020,8513878,7177,10,2020,"I",,"Y","G","C","2020_10_LA0100000_NIBRS",95768382,0
2020,8565299,7177,11,2020,"I",,"Y","G","C","2020_11_LA0100000_NIBRS",95772243,0
2020,8529340,7177,12,2020,"I",,"Y","G","C","2020_12_LA0100000_NIBRS",95768969,0
2020,8481671,7146,1,2020,"I",,"Y","G","C","2020_01_LA0030000_NIBRS",95772159,0
2020,8505703,7146,2,2020,"I",,"Y","G","C","2020_02_LA0030000_NIBRS",95768286,0
2020,8569121,7146,3,2020,"I",,"Y","G","C","2020_03_LA0030000_NIBRS",95772197,0
2020,8531740,7146,4,2020,"I",,"Y","G","C","2020_04_LA0030000_NIBRS",95772165,0
2020,8497333,7146,5,2020,"I",,"Y","G","C","2020_05_LA0030000_NIBRS",95772203,0
2020,8555513,7146,6,2020,"I",,"Y","G","C","2020_06_LA0030000_NIBRS",95772272,0
2020,8493810,7146,7,2020,"I",,"Y","G","C","2020_07_LA0030000_NIBRS",95768405,0
2020,8490477,7146,8,2020,"I",,"Y","G","C","2020_08_LA0030000_NIBRS",95768304,0
2020,8556633,7146,9,2020,"I",,"Y","G","C","2020_09_LA0030000_NIBRS",95772680,0
2020,8527507,7146,10,2020,"I",,"Y","G","C","2020_10_LA0030000_NIBRS",95772164,0
2020,8515338,7146,11,2020,"I",,"Y","G","C","2020_11_LA0030000_NIBRS",95768366,0
2020,8541326,7146,12,2020,"I",,"Y","G","C","2020_12_LA0030000_NIBRS",95769040,0
2020,17949588,7179,2,2020,"I",19-FEB-21,"Y","F","C","2020_02_LA0100200_NIBRS",95772396,0
2020,17949172,7179,3,2020,"I",19-FEB-21,"Y","F","C","2020_03_LA0100200_NIBRS",95768562,0
2020,17949589,7179,4,2020,"I",19-FEB-21,"Y","F","C","2020_04_LA0100200_NIBRS",95768571,0
2020,17949590,7179,5,2020,"I",19-FEB-21,"Y","F","C","2020_05_LA0100200_NIBRS",95768597,0
2020,17949592,7179,6,2020,"I",19-FEB-21,"Y","F","C","2020_06_LA0100200_NIBRS",95772449,0
2020,17949167,7179,7,2020,"I",19-FEB-21,"Y","F","C","2020_07_LA0100200_NIBRS",97826914,0
2020,17949581,7179,8,2020,"I",19-FEB-21,"Y","F","C","2020_08_LA0100200_NIBRS",97826970,0
2020,17949582,7179,9,2020,"I",19-FEB-21,"Y","F","C","2020_09_LA0100200_NIBRS",97824026,0
2020,17949583,7179,10,2020,"I",19-FEB-21,"Y","F","C","2020_10_LA0100200_NIBRS",97824061,0
2020,17949584,7179,11,2020,"I",19-FEB-21,"Y","F","C","2020_11_LA0100200_NIBRS",97824103,0
2020,17949585,7179,12,2020,"I",19-FEB-21,"Y","F","C","2020_12_LA0100200_NIBRS",97824117,0
2020,8530548,7261,1,2020,"I",,"Y","G","C","2020_01_LA0290000_NIBRS",95768291,0
2020,8513361,7261,2,2020,"I",,"Y","G","C","2020_02_LA0290000_NIBRS",95772168,0
2020,8516849,7261,3,2020,"I",,"Y","G","C","2020_03_LA0290000_NIBRS",95772296,0
2020,8503084,7261,4,2020,"I",,"Y","G","C","2020_04_LA0290000_NIBRS",95768708,0
2020,8561594,7261,5,2020,"I",,"Y","G","C","2020_05_LA0290000_NIBRS",95768744,0
2020,8506644,7261,6,2020,"I",,"Y","G","C","2020_06_LA0290000_NIBRS",95768629,0
2020,8552720,7261,7,2020,"I",,"Y","G","C","2020_07_LA0290000_NIBRS",95768599,0
2020,8503187,7261,8,2020,"I",,"Y","G","C","2020_08_LA0290000_NIBRS",95772309,0
2020,8534769,7261,9,2020,"I",,"Y","G","C","2020_09_LA0290000_NIBRS",95768555,0
2020,8483332,7261,10,2020,"I",,"Y","G","C","2020_10_LA0290000_NIBRS",95772326,0
2020,8524474,7261,11,2020,"I",,"Y","G","C","2020_11_LA0290000_NIBRS",95768673,0
2020,8498607,7261,12,2020,"I",,"Y","G","C","2020_12_LA0290000_NIBRS",95768695,0
2020,17946981,7166,2,2020,"I",19-FEB-21,"Y","F","C","2020_02_LA0080100_NIBRS",95776532,0
2020,17946982,7166,3,2020,"I",19-FEB-21,"Y","F","C","2020_03_LA0080100_NIBRS",95776578,0
2020,17948514,7166,4,2020,"I",19-FEB-21,"Y","F","C","2020_04_LA0080100_NIBRS",95778735,0
2020,17948515,7166,5,2020,"I",19-FEB-21,"Y","F","C","2020_05_LA0080100_NIBRS",95781651,0
2020,17946984,7166,6,2020,"I",19-FEB-21,"Y","F","C","2020_06_LA0080100_NIBRS",95778802,0
2020,17948478,7166,7,2020,"I",19-FEB-21,"Y","F","C","2020_07_LA0080100_NIBRS",98101575,0
2020,17948482,7166,8,2020,"I",19-FEB-21,"Y","F","C","2020_08_LA0080100_NIBRS",98106652,0
2020,17948488,7166,9,2020,"I",19-FEB-21,"Y","F","C","2020_09_LA0080100_NIBRS",98106724,0
2020,17948519,7166,10,2020,"I",19-FEB-21,"Y","F","C","2020_10_LA0080100_NIBRS",98106759,0
2020,17948522,7166,11,2020,"I",19-FEB-21,"Y","F","C","2020_11_LA0080100_NIBRS",98106776,0
2020,17948524,7166,12,2020,"I",19-FEB-21,"Y","F","C","2020_12_LA0080100_NIBRS",98103491,0
2020,17949203,7338,8,2020,"I",19-FEB-21,"Y","F","C","2020_08_LA0490300_NIBRS",95873616,0
2020,17949646,7338,9,2020,"I",19-FEB-21,"Y","F","C","2020_09_LA0490300_NIBRS",95878529,0
2020,17949647,7338,10,2020,"I",19-FEB-21,"Y","F","C","2020_10_LA0490300_NIBRS",95873639,0
2020,18291038,25420,7,2020,"U",16-MAR-21,"Y","F","C","2020_07_LA0600700_NIBRS",98101595,0
2020,18291042,25420,8,2020,"U",16-MAR-21,"Y","F","C","2020_08_LA0600700_NIBRS",98101621,0
2020,17949197,25420,9,2020,"I",19-FEB-21,"Y","F","C","2020_09_LA0600700_NIBRS",95888627,0
2020,18291046,25420,10,2020,"I",16-MAR-21,"Y","F","C","2020_10_LA0600700_NIBRS",98106673,0
2020,18275115,25420,12,2020,"I",15-MAR-21,"Y","F","C","2020_12_LA0600700_NIBRS",97827193,0
2020,17949130,7342,1,2020,"I",19-FEB-21,"Y","F","C","2020_01_LA0490800_NIBRS",95810470,0
2020,17948533,7342,5,2020,"I",19-FEB-21,"Y","F","C","2020_05_LA0490800_NIBRS",95810362,0
2020,17948539,7342,6,2020,"I",19-FEB-21,"Y","F","C","2020_06_LA0490800_NIBRS",95804788,0
2020,17948535,7342,7,2020,"I",19-FEB-21,"Y","F","C","2020_07_LA0490800_NIBRS",95810369,0
2020,17948538,7342,8,2020,"I",19-FEB-21,"Y","F","C","2020_08_LA0490800_NIBRS",95810453,0
2020,17949129,7342,9,2020,"I",19-FEB-21,"Y","F","C","2020_09_LA0490800_NIBRS",95804776,0
2020,17948534,7342,10,2020,"I",19-FEB-21,"Y","F","C","2020_10_LA0490800_NIBRS",95804724,0
2020,17949128,7342,11,2020,"I",19-FEB-21,"Y","F","C","2020_11_LA0490800_NIBRS",95810529,0
2020,18275962,25274,12,2020,"I",15-MAR-21,"Y","F","C","2020_12_LA0460100_NIBRS",97827169,0
2020,8557233,7369,1,2020,"U",,"Y","G","C","2020_01_LA0530800_NIBRS",,0
2020,8511017,7369,2,2020,"I",,"Y","G","C","2020_02_LA0530800_NIBRS",95845412,0
2020,8560725,7369,3,2020,"I",,"Y","G","C","2020_03_LA0530800_NIBRS",95845453,0
2020,8553762,7369,4,2020,"I",,"Y","G","C","2020_04_LA0530800_NIBRS",95839835,0
2020,8550416,7369,5,2020,"U",,"Y","G","C","2020_05_LA0530800_NIBRS",,0
2020,8493780,7369,6,2020,"U",,"Y","G","C","2020_06_LA0530800_NIBRS",,0
2020,8528384,7369,7,2020,"I",,"Y","G","C","2020_07_LA0530800_NIBRS",95839872,0
2020,8492059,7369,8,2020,"I",,"Y","G","C","2020_08_LA0530800_NIBRS",95845442,0
2020,8535931,7369,9,2020,"U",,"Y","G","C","2020_09_LA0530800_NIBRS",,0
2020,8494938,7369,10,2020,"U",,"Y","G","C","2020_10_LA0530800_NIBRS",,0
2020,8525662,7369,11,2020,"U",,"Y","G","C","2020_11_LA0530800_NIBRS",,0
2020,8493205,7369,12,2020,"U",,"Y","G","C","2020_12_LA0530800_NIBRS",,0
2020,18025490,7380,9,2020,"I",25-FEB-21,"Y","F","C","2020_09_LA0560400_NIBRS",95885257,0
2020,18025488,32914,1,2020,"I",25-FEB-21,"Y","F","C","2020_01_LA0600900_NIBRS",95878015,0
2020,18025489,32914,6,2020,"I",25-FEB-21,"Y","F","C","2020_06_LA0600900_NIBRS",95873148,0
2020,17949631,7398,1,2020,"I",19-FEB-21,"Y","F","C","2020_01_LA0600800_NIBRS",98101620,0
2020,17949632,7398,2,2020,"I",19-FEB-21,"Y","F","C","2020_02_LA0600800_NIBRS",98106642,0
2020,17949633,7398,3,2020,"I",19-FEB-21,"Y","F","C","2020_03_LA0600800_NIBRS",98106683,0
2020,17949634,7398,4,2020,"I",19-FEB-21,"Y","F","C","2020_04_LA0600800_NIBRS",98106729,0
2020,17949635,7398,5,2020,"I",19-FEB-21,"Y","F","C","2020_05_LA0600800_NIBRS",98106738,0
2020,17949636,7398,6,2020,"I",19-FEB-21,"Y","F","C","2020_06_LA0600800_NIBRS",98106788,0
2020,17949637,7398,7,2020,"I",19-FEB-21,"Y","F","C","2020_07_LA0600800_NIBRS",98103726,0
2020,17949638,7398,8,2020,"I",19-FEB-21,"Y","F","C","2020_08_LA0600800_NIBRS",98106802,0
2020,17949639,7398,9,2020,"I",19-FEB-21,"Y","F","C","2020_09_LA0600800_NIBRS",98103856,0
2020,17949640,7398,10,2020,"I",19-FEB-21,"Y","F","C","2020_10_LA0600800_NIBRS",98103511,0
2020,17949641,7398,11,2020,"I",19-FEB-21,"Y","F","C","2020_11_LA0600800_NIBRS",98103547,0
2020,18287987,7398,12,2020,"I",16-MAR-21,"Y","F","C","2020_12_LA0600800_NIBRS",98103557,0
2020,8512569,7234,5,2020,"U",,"Y","G","C","2020_05_LA0240200_NIBRS",,0
2020,8494325,7178,3,2020,"U",,"Y","G","C","2020_03_LA0100100_NIBRS",,0
2020,8480672,7178,4,2020,"U",,"Y","G","C","2020_04_LA0100100_NIBRS",,0
2020,8504699,7178,5,2020,"U",,"Y","G","C","2020_05_LA0100100_NIBRS",,0
2020,8497994,7178,6,2020,"U",,"Y","G","C","2020_06_LA0100100_NIBRS",,0
2020,8509869,7178,7,2020,"U",,"Y","G","C","2020_07_LA0100100_NIBRS",,0
2020,8527107,7178,8,2020,"U",,"Y","G","C","2020_08_LA0100100_NIBRS",,0
2020,8532761,7178,9,2020,"U",,"Y","G","C","2020_09_LA0100100_NIBRS",,0
2020,8570969,7178,10,2020,"U",,"Y","G","C","2020_10_LA0100100_NIBRS",,0
2020,8571000,7178,11,2020,"U",,"Y","G","C","2020_11_LA0100100_NIBRS",,0
2020,8500382,7178,12,2020,"U",,"Y","G","C","2020_12_LA0100100_NIBRS",,0
2020,8504091,7234,6,2020,"U",,"Y","G","C","2020_06_LA0240200_NIBRS",,0
2020,8536774,7234,7,2020,"U",,"Y","G","C","2020_07_LA0240200_NIBRS",,0
2020,8507760,7234,8,2020,"U",,"Y","G","C","2020_08_LA0240200_NIBRS",,0
2020,8535930,7234,9,2020,"U",,"Y","G","C","2020_09_LA0240200_NIBRS",,0
2020,8506839,7234,10,2020,"U",,"Y","G","C","2020_10_LA0240200_NIBRS",,0
2020,8484691,7234,11,2020,"U",,"Y","G","C","2020_11_LA0240200_NIBRS",,0
2020,8513690,7234,12,2020,"U",,"Y","G","C","2020_12_LA0240200_NIBRS",,0
